id,latitude,longitude,trigger_index,distance,magnitude,magtype
ci40831415,33.3358333,-117.9433333,836.2392585490136,168.7837191445337,2.61,ml
ci40831471,32.7781667,-115.4401667,448.5730198937406,86.46356712304781,2.57,ml
ci40831495,32.774,-115.4405,544.8047379439873,86.34573203879862,2.4,ml
ci37697436,32.7381667,-115.3296667,598.6781261798853,95.98279463048524,2.41,ml
ci40831535,32.7806667,-115.4391667,329.27765492241383,86.60884761887978,2.84,ml
ci40831567,32.771,-115.4335,869.2881836888834,86.92881836888834,2.0,ml
ci40831583,32.7673333,-115.4348333,704.9947339545589,86.73330047714772,2.18,ml
ci40831679,32.7685,-115.4326667,354.24096017242044,86.9558443236066,2.78,ml
ci40831687,33.4825,-115.8233333,494.6611275170748,106.98127834488713,2.67,ml
ci40831695,32.7675,-115.4348333,471.19669509361916,86.73656835130384,2.53,ml
ci40831703,32.7563333,-115.4298333,793.3409227805117,86.98810239369455,2.08,ml
nc75111006,36.603,-121.232,5739.729317021502,629.3488047877893,2.08,md
ci40831847,33.3891667,-116.4411667,853.2170590494344,85.32170590494344,2.0,ml
ci40831935,34.3623333,-120.1603333,2545.0262978993724,403.3594854175224,2.4,ml
ci40832031,33.3081667,-116.2208333,653.0403162748204,76.72554708682237,2.14,ml
ci40832055,35.859,-117.6658333,3307.399446253984,379.7402651953297,2.12,ml
ci40832359,32.7721667,-115.7065,459.6682211262796,62.00753686062836,2.26,ml
ci40832759,33.9951667,-116.8126667,758.1030050776237,158.39016752974996,2.64,ml
nn00891303,36.3284,-114.9728,3840.0000252041864,430.85508927991026,2.1,ml
ci40833519,34.9833333,-116.4405,2535.5082238851787,262.46114765057985,2.03,ml
ci40833615,32.2061667,-115.0228333,1239.6175383348468,132.82741234369072,2.06,ml
ci40833655,31.9585,-116.3161667,368.9027564687247,74.45809151258842,2.61,ml
ci40833687,34.0043333,-116.7391667,1266.71277468178,157.64425570089494,2.19,ml
ci40833719,34.9853333,-116.4435,2626.930800518027,262.6930800518027,2.0,ml
ci40834055,32.726,-115.9231667,353.73345726507824,41.08432336094772,2.13,ml
ci40834559,32.7838333,-115.5435,217.38339537150443,77.13053927486584,3.1,ml
nc75113596,36.2223333333333,-120.8155,2281.7420103999702,573.1476796129075,2.8,md
ci40834887,34.2931667,-119.8086667,1302.1298492111332,371.2395986763052,2.91,ml
ci37694044,33.7755,-115.9113333,875.8686411661002,134.10314945698934,2.37,ml
ci40835879,32.5688333,-115.2183333,1046.9682187278313,105.90915393281574,2.01,ml
ci40836207,32.7738333,-115.4345,362.2354443431896,86.89423083260955,2.76,ml
ci40836255,32.7561667,-115.4283333,708.1680610680216,87.12370500187427,2.18,ml
ci40836335,33.9626667,-117.1668333,1652.6703934602865,167.1807414688048,2.01,ml
nc75114761,36.8905,-121.635666666667,2376.3689616117294,677.5071319884338,2.91,ml
ci40836479,32.9428333,-116.3381667,317.12586156417075,35.17480189153688,2.09,ml
ci40836623,35.0808333,-119.0935,1075.7444173294664,373.00023115671297,3.08,ml
ci40836639,34.2831667,-119.7956667,1296.5693563539742,369.6542920050967,2.91,ml
ci40836703,34.2953333,-119.8116667,2754.6929463283045,371.5978537533924,2.26,ml
ci40836743,34.2976667,-119.8075,2753.1448441989933,371.38902052230225,2.26,ml
ci40836791,33.4821667,-116.4531667,935.5500944663338,95.73418555949969,2.02,ml
ci40837151,34.0021667,-118.4206667,2407.585253039178,246.36651177534773,2.02,ml
nc75115651,36.5391666666667,-119.277333333333,4507.942288085517,511.65632534036644,2.11,md
ci40837735,35.3499985,-117.7910004,3055.371693102809,331.1799610492667,2.07,ml
ci40837831,32.3246667,-115.3585,406.3681091419469,98.60969559634012,2.77,ml
nc75115886,36.1743333333333,-119.6535,3291.4182568473666,498.17631259596277,2.36,md
ci40837943,34.0173333,-116.7326667,1219.4406940973565,158.91346008404878,2.23,ml
ci40837959,33.7626667,-115.9506667,1316.7258554690852,131.67258554690852,2.0,ml
ci40838375,33.7635,-115.9498333,1188.1201942205917,131.78329969341527,2.09,ml
ci40838383,33.7646667,-115.952,1059.4626467230735,131.85167444728498,2.19,ml
ci40838607,35.2435,-118.5233333,997.5621696310013,353.9484143779746,3.1,ml
nc75116556,36.639,-121.294666666667,3338.6860366739156,636.1735092494548,2.56,md
nc75116561,36.6343333333333,-121.293666666667,2589.933052456379,635.7531754892017,2.78,md
nc75116576,36.640998840332,-121.291168212891,2336.274529974016,636.0977718789363,2.87,md
nc75116766,36.987,-121.470166666667,4884.793174593876,674.2891634048956,2.28,md
ci40839055,32.7936667,-116.5838333,252.8481116290207,29.030847505550824,2.12,ml
ci40839295,33.2441667,-116.288,284.0260404327804,68.92204569804713,2.77,ml
nc75117186,36.7203333333333,-121.422,6506.611347175151,650.6611347175152,2.0,md
ci40839535,35.0995,-119.108,2847.8164445332363,375.4153218177688,2.24,ml
ci40839903,34.3718333,-116.9281667,921.6290570709237,201.63046825765792,2.68,ml
ci40840007,35.0813333,-119.1606667,2002.9967878644063,377.2943075711783,2.55,ml
ci40840015,33.1655,-116.0405,205.16122075039226,66.38886968276617,3.02,ml
us6000pk5q,31.1515,-116.4678,925.8788508549065,164.64712966657788,2.5,ml
ci40840071,35.5181667,-118.3805,1589.137039503957,372.5300839497371,2.74,ml
ci40840239,32.5193333,-115.2043333,1016.9597407278676,107.72183937213234,2.05,ml
ci40840391,33.168,-116.0368333,402.4343213925656,66.78747308866213,2.44,ml
ci40840711,33.7861667,-116.0608333,850.6041148871717,131.74297892525928,2.38,ml
ci40840775,34.045,-117.1323333,733.7234338835158,173.99324583391476,2.75,ml
us6000pkdz,31.4779,-115.6532,1280.0132224073093,143.61984572915247,2.1,ml
ci40840919,35.9081667,-117.7046667,3772.719658125135,386.05975879992934,2.02,ml
ci40841463,33.1665,-116.036,517.5300706140142,66.67078814562198,2.22,ml
nc75118456,35.8393333333333,-119.9415,2102.200136293997,487.1627349010715,2.73,md
ci40841767,33.8656667,-115.5313333,959.1390128687726,157.355365558921,2.43,ml
us6000pkmi,31.4743,-115.6139,580.0306359510954,145.6971084305429,2.8,ml
ci40841815,35.9515,-117.6796667,2431.860992084281,389.88699263580355,2.41,ml
ci40842151,33.8083333,-117.6288333,1756.677120281611,177.70184826453217,2.01,ml
ci40842231,33.86,-115.5263333,1448.710246099376,157.02960263653947,2.07,ml
ci40842287,35.9566667,-117.3941667,1007.3854810967249,382.99727792026204,3.16,ml
nc75119031,36.2721666666667,-120.844666666667,5340.303803640226,578.8499021815444,2.07,md
nc75119236,36.1256666666667,-120.692833333333,3100.5403111960127,557.7471786994867,2.51,md
ci40842895,34.3613333,-116.6766667,1037.9070230258635,195.50526188977366,2.55,ml
nc75119551,36.064,-120.6205,4613.426485882021,548.3067654587717,2.15,md
ci40843319,34.9486667,-118.6083333,2147.3225057006375,332.5808782993938,2.38,ml
nc75119846,36.0616666666667,-120.6255,5002.0036471473195,548.4587936125727,2.08,md
ci40843455,31.7058333,-115.0688333,523.4151090677385,158.06883591135258,2.96,ml
ci40843679,34.397,-119.5413333,2763.96849335217,356.06811724548805,2.22,ml
nc75120116,36.0198333333333,-120.577666666667,4831.7774839559825,542.1343504079322,2.1,md
ci40843719,34.0588333,-118.9645,1563.081820273089,291.05945510820993,2.54,ml
ci40843951,34.0606667,-116.8003333,754.7076775396271,165.112049422129,2.68,ml
ci40844079,34.0458333,-117.1296667,624.427875929292,173.97317234091244,2.89,ml
ci40844087,34.0525,-117.137,1670.5865048073333,174.93188211723302,2.04,ml
ci40844255,33.6826667,-116.8023333,551.9538549185444,124.99791555953269,2.71,ml
ci40844295,34.5033333,-116.5055,1682.6428400249329,209.407360080353,2.19,ml
nc75120701,36.9623333333333,-121.593166666667,3218.544723245276,680.2358996802964,2.65,md
ci40845015,33.776,-115.9141667,1181.2826820220357,134.07686204614106,2.11,ml
ci41033480,35.3448333,-117.7963333,1658.1993700985636,330.85427138627983,2.6,ml
ci41033904,35.1581667,-117.353,552.5759707636729,296.7508662102515,3.46,mw
ci41034048,33.5563333,-116.6631667,1051.6963630519297,107.61935183181954,2.02,ml
nc75121716,36.6791666666667,-121.320166666667,1913.3156986960853,640.8946332613,3.05,ml
ci41034096,35.5976667,-118.3425,2228.4360668513687,378.44274054471515,2.46,ml
ci41034376,32.3291667,-115.3858333,62.71666745452314,96.02470317810184,4.37,ml
ci41034816,35.2493333,-119.3641667,1802.8742325277651,403.61326545400806,2.7,ml
nc75121956,36.6555,-121.280666666667,3340.510174268513,636.5210915025214,2.56,md
ci41034888,33.7858333,-116.0628333,512.2528622729891,131.66925968977705,2.82,ml
ci41034936,34.0436667,-117.131,1096.6460699253264,173.80668907638835,2.4,ml
ci41035256,33.9506667,-118.5006667,1823.6314975320897,248.8496788884697,2.27,ml
ci41035344,35.3098333,-118.589,3093.234945319599,363.42341741095066,2.14,ml
nc75122751,34.8228333333333,-120.893666666667,4868.187103775224,486.8187103775225,2.0,md
ci40850775,33.9888333,-118.3926667,1664.7476783942577,243.41560565778974,2.33,ml
ci40850991,33.9515,-116.3786667,580.4229554593207,147.48388874963942,2.81,ml
ci40851119,34.0433333,-116.6415,1172.9502703866162,160.05881590269962,2.27,ml
ci40851383,34.3483333,-118.8105,1364.2454454418598,298.46438311856645,2.68,ml
nc75123366,36.644,-121.268166666667,1961.8138726797408,634.8305252757135,3.02,ml
ci40851823,34.5171667,-119.07,1402.6242069813152,328.8072083070855,2.74,ml
ci40851855,32.3795,-115.239,453.20460137944957,107.47174749960988,2.75,ml
ci40852279,33.9118333,-116.2105,503.63422785365515,143.58703837509972,2.91,ml
ci40852335,33.9141667,-116.213,1116.4423779803587,143.82563929244137,2.22,ml
ci40852519,36.4626667,-117.9526667,3466.0372705728996,451.68246238880863,2.23,ml
ci40852607,33.4163333,-116.9235,534.9553658285415,103.11397950796847,2.57,ml
nc75124341,36.647,-121.254,5459.910421440887,634.140539067496,2.13,md
nc75124491,35.8598333333333,-119.9525,3670.712492420364,489.49737799522086,2.25,md
ci40170314,35.4523333,-118.2665,1650.0052376646345,360.98181382784486,2.68,ml
ci40170410,35.7668333,-117.5805,2240.3645773034514,367.55192137625517,2.43,ml
ci40171730,35.665,-117.5078333,3161.5767889735052,354.7347501921018,2.1,ml
ci40172042,33.4708333,-116.8958333,1022.4223707219213,107.06076525488041,2.04,ml
ci40173050,35.246,-118.5245,2749.7538801879514,354.2369203418584,2.22,ml
nc75125791,36.6186666666667,-121.2325,5685.1072452290355,630.5777778473853,2.09,md
ci40176202,31.6168333,-114.4765,412.27828923126907,209.02126186364453,3.41,ml
ci40176210,31.6548333,-114.4906667,414.9941867193756,205.60894899299342,3.39,ml
ci40176378,34.4278333,-119.7431667,2584.6416912587356,373.5943893673392,2.32,ml
ci40176386,34.445,-119.75,2979.76401329823,375.13006374909156,2.2,ml
ci40176402,34.4275,-119.7438333,1404.23074746604,373.6271939522906,2.85,ml
nc75126206,36.6186666666667,-121.2265,4948.4625194835735,630.1882264857803,2.21,md
nc75126331,36.9811666666667,-121.6535,5902.713506678617,685.5698420228548,2.13,md
nc75126351,36.866,-121.611333333333,4302.300245296646,674.0633513245074,2.39,md
nc75126526,36.7933333333333,-121.530166666667,5268.458748472686,663.2596599441562,2.2,md
ci40177370,33.6596667,-116.7385,894.454117626993,120.65854048600822,2.26,ml
ci40177482,33.2601667,-116.4441667,694.7462140391417,71.09289322398386,2.02,ml
ci40178306,31.6816667,-115.059,339.29446819419275,160.5376047847483,3.35,ml
ci40178666,33.2373333,-116.7906667,328.31160653895245,79.6684258760148,2.77,ml
ci40178818,34.4503333,-118.0095,2096.8518109674787,255.01618179286316,2.17,ml
nc75127691,35.9911666666667,-120.548166666667,4423.795887991296,538.0158628691981,2.17,md
us7000pb60,31.4403,-115.6885,820.5653198493018,145.91944128800162,2.5,ml
ci40179938,33.8065,-117.6311667,749.346461261105,177.69804946651948,2.75,ml
ci40179970,33.8065,-117.6308333,1512.2776586863542,177.67713235802742,2.14,ml
ci40181154,33.9416667,-118.353,1973.8233463261608,237.3057609505472,2.16,ml
ci40181210,33.3648333,-116.3161667,568.6182208313412,82.19033907604108,2.32,ml
nc75128881,36.575,-121.17,5065.392764330167,623.1794529854407,2.18,md
nc75129497,36.8633333333333,-121.416166666667,6171.0400431330545,661.238853961138,2.06,md
ci40182130,33.8946667,-119.4395,3133.929851999805,320.69284558508616,2.02,ml
ci40182138,33.048,-116.442,383.56766162930046,47.73555595006468,2.19,ml
nc75129922,36.9701666666667,-121.458833333333,5099.589668127195,672.2568443881307,2.24,md
nc75130257,36.9965,-121.102833333333,5180.781564912137,652.2217565022644,2.2,md
ci40182738,32.6663333,-115.6795,508.68930221750156,62.58245625645338,2.18,ml
ci40182746,35.5983333,-118.3415,3041.0445876338,378.462442435855,2.19,ml
nn00893112,36.6509,-116.2703,3992.7925030980073,447.99868726744944,2.1,ml
nn00893160,36.6432,-116.2742,1997.2844063858151,447.13628203088433,2.7,ml
ci40183218,31.7108333,-115.047,771.1931912601767,159.2807113524963,2.63,ml
ci40183482,34.1686667,-117.264,307.30823129494553,191.67884908914607,3.59,ml
ci40183490,34.1688333,-117.2633333,634.6718673374324,191.66783976564392,2.96,ml
ci40183738,33.2211667,-116.085,325.9273264101021,70.48890662159508,2.67,ml
ci40183770,36.0266667,-117.7786667,928.6219251707437,400.7180758717014,3.27,ml
ci40184050,33.4133333,-118.0516667,1286.4833914551964,181.72060909640763,2.3,ml
ci40184058,34.1708333,-117.2633333,387.25749858347876,191.86680156377037,3.39,ml
nn00893278,36.6501,-116.2724,4479.067286911693,447.90672869116935,2.0,ml
ci40184194,33.4555,-116.624,735.3462117464247,95.82787538086907,2.23,ml
nc75131707,36.8058333333333,-120.915666666667,3244.290969729134,625.3451669793285,2.57,md
ci40184482,36.1686667,-118.0566667,2201.8647581354658,424.4149176783244,2.57,ml
ci40184834,34.1701667,-117.2655,1238.946563059743,191.89010268114302,2.38,ml
nc75133062,36.0826666666667,-120.183833333333,391.3180930413526,521.8310638639254,4.25,ml
ci40185978,33.5836667,-118.16,1976.3237627206108,199.9208513333784,2.01,ml
ci40186106,35.6723333,-117.5185,3517.357888245226,355.8086973027854,2.01,ml
ci40186130,34.0585,-118.9238333,2717.7900450695643,287.8829229489687,2.05,ml
nc75133742,36.2705,-120.5285,1981.2915065295422,558.4038163862097,2.9,mh
ci40186202,34.0415,-118.91,403.68225664837115,285.78515182489,3.7,mw
us7000pdza,34.0255,-118.9174,638.9372249737448,285.4027748102404,3.3,ml
ci40186282,34.0488333,-118.9136667,390.96865757166273,286.5114239568978,3.73,ml
nc75134117,35.7913333333333,-120.345166666667,3444.457308803271,509.47256981382066,2.34,md
ci40186370,31.9186667,-115.8136667,519.1635023618398,93.39081245951093,2.51,ml
ci40186482,33.6446667,-116.7413333,320.69936357381624,119.15111151671526,3.14,ml
ci40186658,34.1696667,-117.2645,866.6551402042687,191.79899058385993,2.69,ml
ci40186810,31.7048333,-115.072,764.5792746198551,157.9146861343858,2.63,ml
ci40187002,32.5991667,-115.731,514.3013813802299,57.70556409816103,2.1,ml
ci40187394,33.9188333,-118.6628333,1171.261796966662,259.2113286430112,2.69,ml
ci40187458,34.1705,-117.2688333,951.5687061299675,192.06142691847103,2.61,ml
ci40187722,32.267,-115.0941667,494.4214378800348,124.19305012583158,2.8,ml
ci40187986,34.0141667,-117.5843333,1840.0586786902775,192.6777972545407,2.04,ml
ci40188018,35.0363333,-116.984,730.7224040615946,274.6328115979214,3.15,ml
ci40188098,31.6008333,-115.973,365.0636951140825,119.50020363368007,3.03,ml
ci40188122,34.4576667,-116.476,1905.3008966313043,204.1566693026964,2.06,ml
ci40188442,35.3403333,-117.8001667,1271.234411226194,330.5412311374562,2.83,ml
ci40188706,35.5231667,-117.3921667,2704.141513031838,336.5343625265703,2.19,ml
us7000peps,34.3126,-111.0201,1672.3200676203853,528.8340390487218,3.0,ml
ci40189546,33.6225,-117.7855,1464.6839199796084,174.0780101386948,2.15,ml
nc75136627,36.6733333333333,-121.302666666667,3678.8584829257306,639.3123320480005,2.48,md
ci40190394,31.615,-114.4806667,330.9284605803244,208.80174270067977,3.6,ml
ci40190426,31.6205,-114.4846667,614.2934813982517,208.14975632620354,3.06,ml
ci40190434,31.6243333,-114.4836667,325.8793010099556,207.99685873995344,3.61,ml
ci40190450,31.6141667,-114.4816667,691.3127635444773,208.77311696020163,2.96,ml
ci40190570,31.636,-114.501,636.3288603435565,205.91198292843416,3.02,ml
nc75137016,36.702,-121.331333333333,5413.231982636719,643.3638268997048,2.15,md
nc75137021,36.7003333333333,-121.3315,1751.3700883866738,643.2472350861914,3.13,ml
nc75137061,36.698,-121.3285,1596.3422653280086,642.8742228612807,3.21,ml
nc75137066,36.6965,-121.324666666667,2587.5006017165865,642.5108404094665,2.79,md
nc75137126,36.68,-121.339833333333,2901.988695871385,642.2375830168327,2.69,md
nc75137131,36.6941666666667,-121.330333333333,2009.1322288577185,642.7003261616333,3.01,ml
nc75137161,36.6953333333333,-121.325333333333,737.6484139431939,642.464910733373,3.88,mw
nc75137171,36.6986666666667,-121.334166666667,3224.102161488144,643.2929542427003,2.6,md
nc75137201,36.6926666666667,-121.326,3145.870883153083,642.3043951164693,2.62,md
nc75137281,36.856,-121.605666666667,3828.016981411769,672.9361446258624,2.49,md
ci40191618,31.6203333,-114.484,919.4064061159625,208.2128483975107,2.71,ml
nc75137306,36.694,-121.3345,2905.244899155632,642.9582116430093,2.69,md
nc75137301,36.6961666666667,-121.335166666667,2154.3869786946702,643.1669440618247,2.95,md
nc75137316,36.6961666666667,-121.332666666667,5049.101225920863,643.0045967575222,2.21,md
nc75137326,36.6983333333333,-121.335833333333,3967.022424381573,643.3757024311336,2.42,md
nc75137321,36.6955,-121.330166666667,2443.824578655729,642.7913567045381,2.84,md
ci40191850,32.1061667,-117.3163333,878.9118689108018,108.12978246173053,2.18,ml
ci40191930,34.0803333,-116.7825,373.4554616207666,166.81642710516013,3.3,ml
ci40191938,35.4836667,-118.443,1822.9491888188081,372.19845300158994,2.62,ml
ci40192026,32.4515,-116.2901667,148.07480208219036,20.206037787509956,2.27,ml
ci40192266,33.6175,-116.6913333,1059.9150618943736,114.88704621637612,2.07,ml
ci40192522,33.3693333,-116.8921667,780.4860562573584,97.13263012961058,2.19,ml
ci40192530,33.3681667,-116.891,604.8050261367038,96.96508704198406,2.41,ml
us6000pvvv,31.4964,-117.036,1003.1940829328438,141.70493066860345,2.3,ml
ci40193018,34.8223333,-120.3916667,2486.109331931689,447.21897690421764,2.51,ml
nc75138466,36.9748333333333,-121.643666666667,5893.072776892175,684.4501207981675,2.13,md
ci40193754,35.3335,-119.555,1001.8995168869964,422.4975230580322,3.25,ml
ci40193762,35.7251667,-117.5478333,2036.92717700554,362.222565861766,2.5,ml
ci40194194,32.9748333,-115.5423333,663.8973151921566,84.54752763759012,2.21,ml
ci40194490,33.6786667,-116.7848333,1212.0853318157522,124.03184260933519,2.02,ml
nc75139226,36.6836666666667,-121.313333333333,1401.905472211207,640.794434304207,3.32,mw
ci40194626,36.1628333,-118.0621667,3107.18576300478,424.00132944455135,2.27,ml
nc75139306,36.6766666666667,-121.311166666667,4229.2242115402605,640.1189877535514,2.36,md
ci40194642,33.8908333,-116.569,1358.2626055282683,142.22755499986474,2.04,ml
nc75139331,36.6798333333333,-121.305833333333,2377.8799273006625,640.0146583888936,2.86,md
ci40194722,36.1635,-118.0603333,3911.771540775196,424.00744545484264,2.07,ml
nc75139451,36.0828333333333,-120.177,1371.4759807442713,521.4206251873142,3.16,ml
ci40195130,32.5371667,-116.2276667,132.80382827798826,14.90083461298518,2.1,ml
nc75139611,36.5748333333333,-121.172833333333,4214.3675816207,623.3506440799338,2.34,md
ci40195242,36.0686667,-117.6616667,3836.7844971960913,401.7606579733144,2.04,ml
ci40195354,35.6728333,-117.53,1890.9284862031275,356.1845721326847,2.55,ml
ci40195394,35.486,-118.4446667,3682.3484001068746,372.49879849749215,2.01,ml
nc75140186,36.1641666666667,-120.176666666667,3611.03693756721,527.9975786230864,2.33,md
ci41068296,35.8636667,-117.6958333,2023.316702882643,381.1218665134395,2.55,ml
ci41068424,33.0846667,-115.5841667,395.61296773391643,87.55289659433163,2.69,ml
ci41068456,33.638,-118.0076667,1436.0759920838602,191.50381136590357,2.25,ml
ci41068816,32.9105,-116.2423333,231.0429221749107,33.013583565248084,2.31,ml
nc75140621,36.0711666666667,-120.1965,2251.2063367944156,521.6933520862516,2.73,md
nc75140891,36.7811666666667,-121.5245,6177.849810945926,661.9685337287058,2.06,md
us6000pw9n,36.0603,-111.1779,1216.0683598858263,609.4779371928314,3.4,ml
nc75141061,36.5526666666667,-121.1335,4234.101407598402,619.1006432525445,2.33,md
ci41069440,33.9383333,-116.7226667,1307.707833727733,150.14494851543404,2.12,ml
ci41069504,34.4336667,-120.0555,1568.9519403167253,398.6664056663422,2.81,ml
ci41069520,34.4373333,-120.0531667,3094.7364118227642,398.6792795139095,2.22,ml
nc75141331,35.9273333333333,-119.894,4481.328066572003,491.36785147606975,2.08,md
ci41069808,33.9435,-116.3606667,1061.7903910989262,146.56787481795,2.28,ml
ci41069880,33.1525,-115.6548333,668.6006994664864,87.12982195946951,2.23,ml
ci41069888,33.1553333,-115.6543333,385.8253247651023,87.37571254545324,2.71,ml
ci41069904,33.1518333,-115.6553333,495.1610882607931,87.0455369767133,2.49,ml
ci41069944,35.0068333,-118.5081667,2891.0006292004823,331.9312842166301,2.12,ml
ci41069960,32.4421667,-115.4916667,664.7671838338472,82.73124737073373,2.19,ml
ci41070040,36.166,-118.7208333,2682.2997203549003,450.3055548340827,2.45,ml
ci41070112,34.1615,-118.3533333,318.4816489807013,252.9789660269187,3.8,mw
ci41070344,34.0306667,-117.234,826.8013579046353,176.76699587490774,2.66,ml
nc75142516,36.8445,-121.586666666667,2579.9368696561028,670.8247523998991,2.83,md
nc75142546,36.8426666666667,-121.583666666667,2926.795172532791,670.4900387032246,2.72,md
nc75142561,36.8441666666667,-121.579166666667,4912.196389999254,670.3100357405975,2.27,md
ci41070736,34.6578333,-116.285,1477.0510673983476,226.14943695576693,2.37,ml
nc75142601,36.8398333333333,-121.5825,3171.0562779071583,670.199268806197,2.65,md
nc75142781,36.1171666666667,-120.600333333333,3063.29044400659,551.0464084315404,2.51,md
ci41070920,32.34,-115.2146667,543.1136329634679,110.88957126888322,2.62,ml
ci41071256,34.0315,-117.2343333,1182.055124831179,176.86330252415664,2.35,ml
ci41071488,32.9846667,-116.2083333,197.979106370161,41.842667142998884,2.65,ml
ci41071720,35.2843333,-119.3325,915.8247323357714,404.4011367547343,3.29,ml
ci41072112,32.5246667,-117.8736667,972.1959691781612,143.7983212954738,2.34,ml
ci41072536,32.3498333,-115.3791667,834.7121864406807,95.8377819769449,2.12,ml
nc75144366,36.8811666666667,-121.618166666667,5008.726708431725,675.6586418719862,2.26,md
ci41073984,32.6731667,-115.6323333,347.82883284629315,67.04487408373556,2.57,ml
ci41074336,33.9956667,-116.7643333,1572.6999031201592,157.26999031201592,2.0,ml
us6000pxn6,31.5957,-114.0505,548.3737129871696,244.94953995827015,3.3,ml
ci41075168,33.7716667,-115.9081667,604.5206700271322,133.78614966843017,2.69,ml
ci41075424,33.3673333,-116.8928333,564.5024686935917,96.97635255398852,2.47,ml
ci41075584,34.0681667,-118.8945,267.1031625907371,286.20619520599394,4.06,mw
ci41075592,34.0648333,-118.9111667,1833.6524890756618,287.2876999465765,2.39,ml
ci41075600,34.0551667,-118.8925,1023.8534326494538,285.2579722278898,2.89,ml
ci41075608,34.0701667,-118.9103333,1284.4319691814972,287.5485000459576,2.7,ml
ci41075616,34.0628333,-118.8973333,1704.179639434134,286.09836262846807,2.45,ml
ci41075696,34.9733333,-116.9316667,2432.946214798167,266.7672476915285,2.08,ml
ci41075712,34.061,-118.8881667,2266.0573487724964,285.27971809526144,2.2,ml
ci41075888,31.6995,-115.9586667,177.56536345541443,109.48591561032602,3.58,mw
ci41075976,33.4698333,-116.8978333,675.4584245308492,107.05294588294515,2.4,ml
ci41076096,34.0648333,-118.9001667,719.5021258266567,286.4389555200767,3.2,ml
ci41076168,33.5015,-116.4615,479.7747345284314,97.95742803804487,2.62,ml
ci41076224,35.8705,-117.0135,1753.0461272060738,366.26324907803087,2.64,ml
ci41076384,34.0565,-118.8991667,2323.5080279742815,285.85393655486206,2.18,ml
ci41076568,34.0596667,-118.8905,1480.5416728085977,285.37809593559547,2.57,ml
ci41077160,35.2718333,-119.3403333,2730.653585277757,403.8932623165919,2.34,ml
nc75146796,36.6688333333333,-121.335,5846.652586192464,641.0727081184201,2.08,md
ci41077256,33.5023333,-116.4593333,647.6614064422891,98.02752068987414,2.36,ml
us6000py4e,36.4959,-113.5059,2247.6379660436187,503.1834626430598,2.7,ml
ci41077344,35.9553333,-117.4985,3026.150044700957,385.38114055453775,2.21,ml
ci41077944,33.2756667,-116.128,676.3843628424411,75.02285007021413,2.09,ml
ci41077952,34.0576667,-118.8873333,1883.054176940223,285.011783092266,2.36,ml
nc75147541,36.9815,-119.6755,3737.748215185074,572.2819427194254,2.37,md
nc75147601,36.571,-121.2165,5451.366276228432,625.9005932157652,2.12,md
ci41078344,32.7941667,-116.676,290.2449860636006,36.12141261495329,2.19,ml
ci41078720,36.4718333,-117.9698333,3599.568319792659,453.1588029276213,2.2,ml
ci41079048,32.4078333,-115.263,226.00249368031444,104.49926386668368,3.33,ml
nc75148421,35.623,-120.9815,5056.961932569435,541.8632336599825,2.06,md
nc75148541,36.5481666666667,-121.157333333333,5923.863840959026,620.304694263465,2.04,md
nc75149016,36.8378333333333,-121.582166666667,3682.067029870016,670.026053571398,2.52,md
ci41080024,33.2748333,-116.1308333,301.4829934933177,74.86224018268662,2.79,ml
nc75149391,36.5671666666667,-121.1555,2744.9727111259663,621.6386824749707,2.71,md
nc75149401,36.5683333333333,-121.161333333333,1794.1749847752287,622.1065833816817,3.08,ml
nn00894780,36.7983,-115.375,4213.490684672634,472.7614305232111,2.1,ml
nn00894750,36.8418,-115.3327,4782.478207142611,478.24782071426114,2.0,ml
nc75149736,36.5808333333333,-121.181333333333,4959.4807752740635,624.3616377297158,2.2,md
ci41081408,34.0635,-118.8958333,332.20151105454977,286.02342548425094,3.87,mw
ci41081464,34.059,-118.8925,2347.4340250280984,285.4916398680129,2.17,ml
ci41081624,33.4966667,-116.448,498.96756856924543,97.29092190291455,2.58,ml
ci41081704,32.0453333,-116.3363333,577.0528698656212,64.74639690971365,2.1,ml
nc75151222,36.6051666666667,-121.211,2710.5842275329433,628.1493387173784,2.73,md
ci41082928,33.277,-116.1316667,427.0596696696047,75.07382778815972,2.49,ml
nc75151272,36.6478333333333,-121.269666666667,3220.5107956624024,635.220871526786,2.59,md
ci41083016,33.8916667,-118.4093333,2003.9155927782447,238.16581456127167,2.15,ml
nc75151277,36.6055,-121.212333333333,4447.750102118618,628.2614008342237,2.3,md
ci41083184,34.0633333,-118.8903333,2790.8857024634076,285.5893781587355,2.02,ml
nc75151857,36.6898333333333,-121.357833333333,4666.516105712648,644.158540284167,2.28,md
ci40904495,33.3011667,-116.267,104.10144131381864,75.41482758336646,3.72,mw
nc75152032,36.3726666666667,-120.327666666667,4827.345192310839,554.2533864767256,2.12,md
ci40904647,33.3041667,-116.2671667,250.81755214828868,75.74568981172467,2.96,ml
ci40904783,31.9323333,-115.8098333,841.8280787213804,92.30461332191025,2.08,ml
ci37708316,31.4796667,-115.5965,975.5015490328398,145.9580200238287,2.35,ml
ci40905655,33.2946667,-116.2803333,405.1710525987925,74.58275294295628,2.53,ml
ci40905743,32.0058333,-117.3106667,762.7266760024686,114.12188484892799,2.35,ml
ci40905767,33.7863333,-116.0771667,1270.0037817789907,131.46344663616648,2.03,ml
us7000plkx,36.5126,-113.9766,2721.441839919847,483.9483989547906,2.5,ml
nc75153017,36.0291666666667,-120.590666666667,4172.136372322228,543.6989515582821,2.23,md
ci40906895,32.389,-117.66,1025.852761421234,126.20746158281891,2.18,ml
ci40906943,31.5008333,-115.618,891.3913895955462,142.91191366698507,2.41,ml
ci40907031,33.7611667,-116.069,416.99814081055024,128.86474499135025,2.98,ml
us7000pluc,31.4222,-115.8581,633.2962559703052,141.77737152169087,2.7,ml
ci40907079,33.2931667,-116.2086667,532.8025453399526,75.26035991632503,2.3,ml
nc75153292,36.4155,-120.268833333333,5055.013820128965,554.2712434973879,2.08,md
ci40907399,34.2956667,-117.0996667,1296.6307126712582,198.52550266027984,2.37,ml
ci40907823,35.7045,-117.5293333,1908.6191642584004,359.5168750938119,2.55,ml
ci40907951,34.1141667,-117.3223333,1014.0537700462381,188.82564810875854,2.54,ml
ci40908007,33.7883333,-116.0763333,1301.8921017949801,131.69673018390378,2.01,ml
ci40908271,33.2801667,-116.1408333,474.42513092285225,75.19131603321009,2.4,ml
ci40908383,33.2968333,-116.2101667,739.172792786718,75.63903389432426,2.02,ml
ci40908471,35.347,-117.801,1462.6955594942763,331.2485172550358,2.71,ml
nn00895022,36.5084,-113.9889,3836.830480216157,483.0283392290539,2.2,ml
us7000pm8l,36.5209,-113.9869,1718.5302733632316,484.34763893081674,2.9,ml
us7000pmew,36.4901,-113.9921,2705.3483245777206,481.0865222579857,2.5,ml
ci40909295,31.6961667,-115.9481667,937.6856758074122,110.16846078079492,2.14,ml
ci40909303,34.3625,-116.4626667,1263.8691058102215,193.50941411133095,2.37,ml
us7000pmm0,36.5031,-113.9921,962.4601155985546,482.3727228134242,3.4,ml
nn00895117,36.496,-113.9852,3828.292857596674,481.9535162218563,2.2,ml
us7000pmmf,36.5079,-114.0035,2417.638726470037,482.382344213502,2.6,ml
ci40910623,33.7838333,-115.9246667,1069.3285715714972,134.62049123089162,2.2,ml
ci40910639,32.3313333,-115.424,597.7605831343096,92.58215252892344,2.38,ml
ci40910727,36.024,-117.7781667,2707.1939498255497,400.4233279585191,2.34,ml
nc75155562,36.8001666666667,-121.5445,6132.459676804313,664.7138092837965,2.07,md
us7000pmtd,36.5002,-113.9832,1080.0732919604943,482.4510178392295,3.3,ml
ci40911247,34.0636667,-118.9041667,2737.737681857936,286.67632837481364,2.04,ml
nc75156077,36.8086666666667,-121.528833333333,6492.1251316933585,664.3346152271582,2.02,md
ci40911519,32.1978333,-115.0301667,286.60264139049957,132.51962206186514,3.33,ml
nc75156487,36.7916666666667,-121.351666666667,4017.513165119421,651.564341746311,2.42,md
nn00895246,36.8881,-117.7502,4379.78077107755,491.41948509458945,2.1,ml
ci40912255,35.3488333,-117.8115,1111.5101209761624,331.8282995913635,2.95,ml
us7000pnhz,36.5086,-114.0028,2713.1857953425897,482.48024354678057,2.5,ml
us7000pniy,36.492,-114.0002,762.2422627141095,480.94235393266837,3.6,ml
ci40912479,33.8701667,-117.768,1649.1736586211773,191.54304597875728,2.13,ml
ci40912687,35.352,-117.8096667,1703.1116298123754,332.0803014174784,2.58,ml
ci40912751,33.3218333,-115.712,425.11509776804724,97.38824261800289,2.72,ml
